{"cameraMode":{"drawMode":0,"name":"Shaded","section":"Shading Mode"},"sceneLighting":true,"audioPlay":false,"sceneViewState":{"m_AlwaysRefresh":false,"showFog":true,"showSkybox":true,"showFlares":true,"showImageEffects":true,"showParticleSystems":true,"showVisualEffectGraphs":true,"m_FxEnabled":true},"in2DMode":false,"pivot":{"x":-0.8354233503341675,"y":0.9654273390769959,"z":0.4075852632522583},"rotation":{"x":-0.07981989532709122,"y":0.8887764811515808,"z":-0.17022264003753663,"w":-0.4180196523666382},"size":7.707821369171143,"orthographic":false}